-- ============================================================
-- 公交安全管理系统 - 初始化数据（天津）
-- ============================================================

-- ============================================================
-- 1. 违章类型表（5条）
-- ============================================================
INSERT INTO violation_type (type_id, type_name) VALUES
(1, '闯红灯'),
(2, '压线'),
(3, '未礼让斑马线'),
(4, '违章停车'),
(5, '超速');

-- ============================================================
-- 2. 车队表（5条）
-- ============================================================
INSERT INTO fleet (fleet_id, fleet_name, captain_id, create_time) VALUES
(1, '一车队', 2001, '2018-03-15'),
(2, '二车队', 2002, '2018-06-20'),
(3, '三车队', 2003, '2019-01-10'),
(4, '四车队', 2004, '2019-08-05'),
(5, '五车队', 2005, '2020-05-18');

-- ============================================================
-- 3. 站点表（20条）
-- ============================================================
INSERT INTO station (station_id, station_name, address) VALUES
(1,  '天津站',         '河北区建国道与海河东路交口'),
(2,  '天津西站',       '红桥区西青道与南运河交口'),
(3,  '天津南站',       '西青区张家窝镇津涞公路'),
(4,  '滨江道',         '和平区南京路与滨江道交口'),
(5,  '南京路',         '和平区南京路沿线'),
(6,  '小白楼',         '和平区南京路与解放北路交口'),
(7,  '五大道',         '和平区重庆道与马场道交口'),
(8,  '水上公园',       '南开区水上公园北路'),
(9,  '天塔',           '南开区卫津路与天塔道交口'),
(10, '天津大学',       '南开区卫津路94号'),
(11, '南开大学',       '南开区卫津路94号南开大学正门'),
(12, '大胡同',         '红桥区估衣街与北马路交口'),
(13, '鼓楼',           '南开区城厢中路与南马路交口'),
(14, '长虹公园',       '南开区长江道与红旗路交口'),
(15, '红桥医院',       '红桥区芥园道与红旗路交口'),
(16, '北站',           '河北区中山路与京山铁路交口'),
(17, '中山门',         '河东区中山门与津塘路交口'),
(18, '东丽广场',       '东丽区津塘路与二经路交口'),
(19, '津湾广场',       '和平区解放北路与赤峰道交口'),
(20, '文化中心',       '河西区平江道与越秀路交口');

-- ============================================================
-- 4. 线路表（18条）
-- ============================================================
INSERT INTO line (line_id, line_name, fleet_id, total_stations) VALUES
-- 一车队
(101, '1路',   1, 8),
(102, '5路',   1, 7),
(103, '8路',   1, 6),
-- 二车队
(201, '27路',  2, 7),
(202, '30路',  2, 8),
(203, '45路',  2, 6),
(204, '50路',  2, 7),
-- 三车队
(301, '609路', 3, 8),
(302, '629路', 3, 7),
(303, '631路', 3, 6),
(304, '633路', 3, 7),
-- 四车队
(401, '650路', 4, 7),
(402, '800路', 4, 8),
(403, '832路', 4, 6),
(404, '845路', 4, 7),
-- 五车队
(501, '906路', 5, 7),
(502, '951路', 5, 8),
(503, '953路', 5, 6);

-- ============================================================
-- 5. 线路-站点关联表（每条线路5~8站）
-- ============================================================
-- 1路：天津站→津湾广场→小白楼→滨江道→五大道→天塔→水上公园→文化中心
INSERT INTO line_station (line_id, station_id, sequence) VALUES
(101, 1, 1), (101, 19, 2), (101, 6, 3), (101, 4, 4), (101, 7, 5), (101, 9, 6), (101, 8, 7), (101, 20, 8);

-- 5路：天津站→大胡同→鼓楼→南开大学→天津大学→天塔→水上公园
INSERT INTO line_station (line_id, station_id, sequence) VALUES
(102, 1, 1), (102, 12, 2), (102, 13, 3), (102, 11, 4), (102, 10, 5), (102, 9, 6), (102, 8, 7);

-- 8路：天津站→北站→大胡同→鼓楼→长虹公园→红桥医院
INSERT INTO line_station (line_id, station_id, sequence) VALUES
(103, 1, 1), (103, 16, 2), (103, 12, 3), (103, 13, 4), (103, 14, 5), (103, 15, 6);

-- 27路：天津西站→红桥医院→大胡同→鼓楼→南京路→滨江道→小白楼
INSERT INTO line_station (line_id, station_id, sequence) VALUES
(201, 2, 1), (201, 15, 2), (201, 12, 3), (201, 13, 4), (201, 5, 5), (201, 4, 6), (201, 6, 7);

-- 30路：天津站→津湾广场→小白楼→五大道→文化中心→水上公园→天塔→南开大学
INSERT INTO line_station (line_id, station_id, sequence) VALUES
(202, 1, 1), (202, 19, 2), (202, 6, 3), (202, 7, 4), (202, 20, 5), (202, 8, 6), (202, 9, 7), (202, 11, 8);

-- 45路：天津西站→北站→大胡同→鼓楼→长虹公园→南开大学
INSERT INTO line_station (line_id, station_id, sequence) VALUES
(203, 2, 1), (203, 16, 2), (203, 12, 3), (203, 13, 4), (203, 14, 5), (203, 11, 6);

-- 50路：天津站→津湾广场→南京路→滨江道→五大道→天塔→文化中心
INSERT INTO line_station (line_id, station_id, sequence) VALUES
(204, 1, 1), (204, 19, 2), (204, 5, 3), (204, 4, 4), (204, 7, 5), (204, 9, 6), (204, 20, 7);

-- 609路：天津站→大胡同→鼓楼→长虹公园→红桥医院→天津西站→北站→中山门
INSERT INTO line_station (line_id, station_id, sequence) VALUES
(301, 1, 1), (301, 12, 2), (301, 13, 3), (301, 14, 4), (301, 15, 5), (301, 2, 6), (301, 16, 7), (301, 17, 8);

-- 629路：天津站→津湾广场→小白楼→五大道→文化中心→天塔→水上公园
INSERT INTO line_station (line_id, station_id, sequence) VALUES
(302, 1, 1), (302, 19, 2), (302, 6, 3), (302, 7, 4), (302, 20, 5), (302, 9, 6), (302, 8, 7);

-- 631路：天津西站→大胡同→鼓楼→南开大学→天津大学→水上公园
INSERT INTO line_station (line_id, station_id, sequence) VALUES
(303, 2, 1), (303, 12, 2), (303, 13, 3), (303, 11, 4), (303, 10, 5), (303, 8, 6);

-- 633路：天津站→北站→大胡同→鼓楼→长虹公园→文化中心→天塔
INSERT INTO line_station (line_id, station_id, sequence) VALUES
(304, 1, 1), (304, 16, 2), (304, 12, 3), (304, 13, 4), (304, 14, 5), (304, 20, 6), (304, 9, 7);

-- 650路：天津站→津湾广场→南京路→小白楼→五大道→天塔→南开大学
INSERT INTO line_station (line_id, station_id, sequence) VALUES
(401, 1, 1), (401, 19, 2), (401, 5, 3), (401, 6, 4), (401, 7, 5), (401, 9, 6), (401, 11, 7);

-- 800路：天津站→大胡同→鼓楼→长虹公园→南开大学→天津大学→天塔→水上公园
INSERT INTO line_station (line_id, station_id, sequence) VALUES
(402, 1, 1), (402, 12, 2), (402, 13, 3), (402, 14, 4), (402, 11, 5), (402, 10, 6), (402, 9, 7), (402, 8, 8);

-- 832路：天津西站→红桥医院→大胡同→鼓楼→南京路→滨江道
INSERT INTO line_station (line_id, station_id, sequence) VALUES
(403, 2, 1), (403, 15, 2), (403, 12, 3), (403, 13, 4), (403, 5, 5), (403, 4, 6);

-- 845路：天津站→津湾广场→小白楼→五大道→文化中心→水上公园→天塔
INSERT INTO line_station (line_id, station_id, sequence) VALUES
(404, 1, 1), (404, 19, 2), (404, 6, 3), (404, 7, 4), (404, 20, 5), (404, 8, 6), (404, 9, 7);

-- 906路：天津站→北站→中山门→东丽广场→大胡同→鼓楼→长虹公园
INSERT INTO line_station (line_id, station_id, sequence) VALUES
(501, 1, 1), (501, 16, 2), (501, 17, 3), (501, 18, 4), (501, 12, 5), (501, 13, 6), (501, 14, 7);

-- 951路：天津站→津湾广场→小白楼→南京路→滨江道→五大道→天塔→文化中心
INSERT INTO line_station (line_id, station_id, sequence) VALUES
(502, 1, 1), (502, 19, 2), (502, 6, 3), (502, 5, 4), (502, 4, 5), (502, 7, 6), (502, 9, 7), (502, 20, 8);

-- 953路：天津西站→北站→大胡同→鼓楼→南开大学→水上公园
INSERT INTO line_station (line_id, station_id, sequence) VALUES
(503, 2, 1), (503, 16, 2), (503, 12, 3), (503, 13, 4), (503, 11, 5), (503, 8, 6);

-- ============================================================
-- 6. 司机表（20条）
-- ============================================================
-- 队长5人（is_captain=TRUE, line_id=NULL）
-- 路队长5人（is_road_captain=TRUE, line_id NOT NULL）
-- 普通司机10人
INSERT INTO driver (driver_id, name, gender, age, phone, line_id, is_road_captain, is_captain, hire_date) VALUES
-- 队长（不开车，只管理）
(2001, '王建国', '男', 48, '13800001001', NULL, FALSE, TRUE,  '2015-03-10'),
(2002, '李志强', '男', 46, '13800001002', NULL, FALSE, TRUE,  '2015-06-15'),
(2003, '张德明', '男', 50, '13800001003', NULL, FALSE, TRUE,  '2014-01-20'),
(2004, '赵国栋', '男', 45, '13800001004', NULL, FALSE, TRUE,  '2016-08-08'),
(2005, '刘文斌', '男', 47, '13800001005', NULL, FALSE, TRUE,  '2015-11-22'),
-- 路队长（开车+管理）
(2006, '陈大海', '男', 40, '13800001006', 101, TRUE,  FALSE, '2017-04-05'),
(2007, '孙立军', '男', 38, '13800001007', 201, TRUE,  FALSE, '2018-02-18'),
(2008, '周伟民', '男', 42, '13800001008', 301, TRUE,  FALSE, '2016-09-12'),
(2009, '吴学文', '男', 39, '13800001009', 401, TRUE,  FALSE, '2017-07-25'),
(2010, '郑洪涛', '男', 41, '13800001010', 501, TRUE,  FALSE, '2016-05-30'),
-- 普通司机
(2011, '马俊峰', '男', 35, '13800001011', 101, FALSE, FALSE, '2019-03-15'),
(2012, '杨春雷', '男', 33, '13800001012', 102, FALSE, FALSE, '2020-01-08'),
(2013, '黄志远', '男', 36, '13800001013', 103, FALSE, FALSE, '2018-11-20'),
(2014, '林国强', '男', 34, '13800001014', 201, FALSE, FALSE, '2019-06-10'),
(2015, '何建军', '男', 37, '13800001015', 202, FALSE, FALSE, '2018-04-18'),
(2016, '罗永刚', '男', 32, '13800001016', 203, FALSE, FALSE, '2020-08-22'),
(2017, '高文杰', '男', 38, '13800001017', 301, FALSE, FALSE, '2017-12-05'),
(2018, '谢明亮', '男', 30, '13800001018', 302, FALSE, FALSE, '2021-03-28'),
(2019, '韩雪梅', '女', 34, '13800001019', 401, FALSE, FALSE, '2019-09-15'),
(2020, '唐晓燕', '女', 31, '13800001020', 501, FALSE, FALSE, '2020-06-01');

-- ============================================================
-- 7. 车辆表（20条）
-- ============================================================
INSERT INTO vehicle (vehicle_id, license_plate, line_id, model, purchase_time, status) VALUES
-- 一车队车辆
(3001, '津A·12345', 101, '宇通ZK6125CHEVNPG4', '2021-03-15', '正常'),
(3002, '津A·23456', 101, '比亚迪K9A',          '2022-06-20', '正常'),
(3003, '津A·34567', 102, '宇通ZK6105CHEVNPG4', '2020-01-10', '正常'),
(3004, '津A·45678', 103, '金龙XMQ6127AGBEV',   '2019-08-05', '维修'),
-- 二车队车辆
(3005, '津B·56789', 201, '比亚迪K8',            '2022-11-18', '正常'),
(3006, '津B·67890', 202, '宇通ZK6120CHEVNPG4', '2021-05-22', '正常'),
(3007, '津B·78901', 203, '金龙XMQ6106AGBEV',   '2020-09-30', '正常'),
(3008, '津B·89012', 204, '宇通E12',             '2023-02-14', '正常'),
-- 三车队车辆
(3009, '津C·90123', 301, '比亚迪K9A',          '2021-07-08', '正常'),
(3010, '津C·01234', 302, '宇通ZK6125CHEVNPG4', '2022-01-25', '维修'),
(3011, '津C·11223', 303, '金龙XMQ6127AGBEV',   '2020-04-16', '正常'),
(3012, '津C·22334', 304, '宇通ZK6105CHEVNPG4', '2023-06-10', '正常'),
-- 四车队车辆
(3013, '津D·33445', 401, '比亚迪K8',            '2021-10-03', '正常'),
(3014, '津D·44556', 402, '宇通E12',             '2022-08-19', '正常'),
(3015, '津D·55667', 403, '宇通ZK6120CHEVNPG4', '2019-12-28', '报废'),
(3016, '津D·66778', 404, '金龙XMQ6106AGBEV',   '2023-03-05', '正常'),
-- 五车队车辆
(3017, '津E·77889', 501, '比亚迪K9A',          '2022-04-12', '正常'),
(3018, '津E·88990', 502, '宇通ZK6125CHEVNPG4', '2021-09-20', '正常'),
(3019, '津E·99001', 503, '金龙XMQ6127AGBEV',   '2023-01-08', '正常'),
(3020, '津E·10023', 501, '宇通ZK6105CHEVNPG4', '2020-06-15', '正常');

-- ============================================================
-- 8. 违章记录表（18条）
-- ============================================================
INSERT INTO violation_record (driver_id, vehicle_id, line_id, station_id, violation_type_id, violation_time, description, inputter_id) VALUES
-- 闯红灯
(2011, 3001, 101, 4,  1, '2025-03-10 08:15:00', '早高峰滨江道路口闯红灯通过',           2006),
(2015, 3006, 202, 19, 1, '2025-04-22 17:30:00', '津湾广场路口抢黄灯变红灯未停',         2007),
(2017, 3009, 301, 12, 1, '2025-05-05 09:45:00', '大胡同路口左转时闯红灯',               2008),
-- 压线
(2012, 3003, 102, 13, 2, '2025-03-18 14:20:00', '鼓楼路段变道压白色实线',               2006),
(2014, 3005, 201, 5,  2, '2025-04-08 10:10:00', '南京路段超车压线',                     2007),
(2018, 3010, 302, 7,  2, '2025-05-15 16:35:00', '小白楼路段并线压线',                   2008),
(2019, 3013, 401, 5,  2, '2025-05-20 11:25:00', '南京路路段变道压线',                   2009),
-- 未礼让斑马线
(2013, 3004, 103, 12, 3, '2025-03-25 07:50:00', '大胡同路口未礼让斑马线行人',           2006),
(2016, 3007, 203, 13, 3, '2025-04-15 08:30:00', '鼓楼路口右转未礼让行人',               2007),
(2020, 3017, 501, 14, 3, '2025-05-28 09:10:00', '长虹公园路段未礼让斑马线',             2010),
-- 违章停车
(2011, 3002, 101, 6,  4, '2025-04-02 12:30:00', '小白楼路段非机动车道违章停车上下客',     2006),
(2015, 3006, 202, 20, 4, '2025-05-12 13:45:00', '文化中心广场附近违章停车',               2007),
(2017, 3009, 301, 1,  4, '2025-05-18 15:20:00', '天津站广场附近违章停车等待乘客',         2008),
-- 超速
(2014, 3005, 201, NULL, 5, '2025-03-30 22:10:00', '夜间27路行驶超速20%',                  2007),
(2016, 3008, 204, NULL, 5, '2025-04-25 06:30:00', '早班50路空驶路段超速15%',              2007),
(2018, 3011, 303, NULL, 5, '2025-05-08 21:45:00', '夜间631路行驶超速25%',                 2008),
(2019, 3014, 402, NULL, 5, '2025-05-22 05:50:00', '早班800路空驶路段超速10%',              2009),
(2020, 3018, 502, NULL, 5, '2025-05-30 22:30:00', '夜间951路行驶超速18%',                 2010);
